{"quality": {"2016-08-31": {"area_under_roc": 0.4444444444444444, "precision": 0.0, "f1_measure": 0.0, "accuracy": 0.9473684210526315, "log_loss": 1.8178303365742472, "area_under_pr": 0.09090909090909091, "recall": 0.0}, "2016-09-30": {"area_under_roc": 0.43999999999999995, "precision": 0.0, "f1_measure": 0.0, "accuracy": 0.9615384615384616, "log_loss": 1.328414476727335, "area_under_pr": 0.06666666666666667, "recall": 0.0}, "2016-10-31": {"area_under_roc": 0.47435897435897434, "precision": 0.0, "f1_measure": 0.0, "accuracy": 0.9512195121951219, "log_loss": 1.684818360727351, "area_under_pr": 0.06696428571428571, "recall": 0.0}, "2016-11-30": {"area_under_roc": 0.5636363636363637, "precision": 0.0, "f1_measure": 0.0, "accuracy": 0.9473684210526315, "log_loss": 1.8178443645993383, "area_under_pr": 0.05756578947368421, "recall": 0.0}, "2016-12-31": {"area_under_roc": 0.6616161616161615, "precision": 0.0, "f1_measure": 0.0, "accuracy": 0.9420289855072463, "log_loss": 2.0022594953198984, "area_under_pr": 0.09098124098124097, "recall": 0.0}, "2017-01-31": {"area_under_roc": 0.8858447488584474, "precision": 0.4, "f1_measure": 0.5, "accuracy": 0.9473684210526315, "log_loss": 1.817861899630702, "area_under_pr": 0.42735042735042733, "recall": 0.6666666666666666}, "2017-02-28": {"area_under_roc": 0.8850574712643678, "precision": 0.3333333333333333, "f1_measure": 0.4444444444444444, "accuracy": 0.9444444444444444, "log_loss": 1.9188564484919362, "area_under_pr": 0.4789272030651341, "recall": 0.6666666666666666}, "2017-03-31": {"area_under_roc": 0.9867986798679867, "precision": 0.5, "f1_measure": 0.6666666666666666, "accuracy": 0.9711538461538461, "log_loss": 0.9963339228559875, "area_under_pr": 0.7, "recall": 1.0}, "2017-04-30": {"area_under_roc": 0.8917378917378918, "precision": 0.3333333333333333, "f1_measure": 0.4444444444444444, "accuracy": 0.9583333333333334, "log_loss": 1.4391423363689522, "area_under_pr": 0.5805555555555556, "recall": 0.6666666666666666}, "2017-05-31": {"area_under_roc": 0.8727735368956743, "precision": 0.4, "f1_measure": 0.3636363636363636, "accuracy": 0.948905109489051, "log_loss": 1.7647725077128866, "area_under_pr": 0.3649788755562482, "recall": 0.3333333333333333}, "2017-06-30": {"area_under_roc": 0.9417249417249417, "precision": 0.5, "f1_measure": 0.4, "accuracy": 0.959731543624161, "log_loss": 1.390833943384729, "area_under_pr": 0.5097687400318979, "recall": 0.3333333333333333}, "2017-07-31": {"area_under_roc": 0.8750000000000001, "precision": 0.4, "f1_measure": 0.3636363636363636, "accuracy": 0.9578313253012049, "log_loss": 1.4564688768473824, "area_under_pr": 0.42520469726352084, "recall": 0.3333333333333333}, "2017-08-31": {"area_under_roc": 0.9176470588235294, "precision": 0.6666666666666666, "f1_measure": 0.6153846153846153, "accuracy": 0.9717514124293786, "log_loss": 0.9756806845729604, "area_under_pr": 0.5948218448218447, "recall": 0.5714285714285714}, "2017-09-30": {"area_under_roc": 0.9051282051282051, "precision": 0.25, "f1_measure": 0.2, "accuracy": 0.9601990049751243, "log_loss": 1.3746896017491352, "area_under_pr": 0.35551759834368535, "recall": 0.16666666666666666}, "2017-10-31": {"area_under_roc": 0.8480861244019139, "precision": 0.2, "f1_measure": 0.22222222222222224, "accuracy": 0.9671361502347418, "log_loss": 1.1350921744323743, "area_under_pr": 0.16863425925925926, "recall": 0.25}, "2017-11-30": {"area_under_roc": 0.900611620795107, "precision": 0.0, "f1_measure": 0.0, "accuracy": 0.9642857142857143, "log_loss": 1.2335348676524376, "area_under_pr": 0.3262494753252983, "recall": 0.0}, "2017-12-31": {"area_under_roc": 0.8811576354679803, "precision": 0.3333333333333333, "f1_measure": 0.2, "accuracy": 0.9665271966527197, "log_loss": 1.1561163613144185, "area_under_pr": 0.25900318005581163, "recall": 0.14285714285714285}}, "fairness": {"2016-08-31": {"metrics": [{"feature": "sex_primary_is_female", "fairness_threshold": 0.95, "majority": {"total_fav_percent": 0.0, "total_rows_percent": 50.0, "values": [{"distribution": {"N": []}, "fav_class_percent": 0.0, "payload_perturb_distribution": {"N": []}, "value": "N"}]}, "minority": {"total_fav_percent": 0.0, "total_rows_percent": 50.0, "values": [{"distribution": {"Y": []}, "fairness_value": 1.0, "fav_class_percent": 0.0, "is_biased": false, "payload_perturb_distribution": {"Y": []}, "value": "Y"}]}}, {"feature": "sex_secondary_is_female", "fairness_threshold": 0.95, "majority": {"total_fav_percent": 0.0, "total_rows_percent": 50.0, "values": [{"distribution": {"N": []}, "fav_class_percent": 0.0, "payload_perturb_distribution": {"N": []}, "value": "N"}]}, "minority": {"total_fav_percent": 0.0, "total_rows_percent": 50.0, "values": [{"distribution": {"Y": []}, "fairness_value": 1.0, "fav_class_percent": 0.0, "is_biased": false, "payload_perturb_distribution": {"Y": []}, "value": "Y"}]}}]}, "2016-09-30": {"metrics": [{"feature": "sex_primary_is_female", "fairness_threshold": 0.95, "majority": {"total_fav_percent": 0.0, "total_rows_percent": 50.0, "values": [{"distribution": {"N": []}, "fav_class_percent": 0.0, "payload_perturb_distribution": {"N": []}, "value": "N"}]}, "minority": {"total_fav_percent": 0.0, "total_rows_percent": 50.0, "values": [{"distribution": {"Y": []}, "fairness_value": 1.0, "fav_class_percent": 0.0, "is_biased": false, "payload_perturb_distribution": {"Y": []}, "value": "Y"}]}}, {"feature": "sex_secondary_is_female", "fairness_threshold": 0.95, "majority": {"total_fav_percent": 0.0, "total_rows_percent": 50.0, "values": [{"distribution": {"N": []}, "fav_class_percent": 0.0, "payload_perturb_distribution": {"N": []}, "value": "N"}]}, "minority": {"total_fav_percent": 0.0, "total_rows_percent": 50.0, "values": [{"distribution": {"Y": []}, "fairness_value": 1.0, "fav_class_percent": 0.0, "is_biased": false, "payload_perturb_distribution": {"Y": []}, "value": "Y"}]}}]}, "2016-10-31": {"metrics": [{"feature": "sex_primary_is_female", "fairness_threshold": 0.95, "majority": {"total_fav_percent": 0.0, "total_rows_percent": 50.0, "values": [{"distribution": {"N": []}, "fav_class_percent": 0.0, "payload_perturb_distribution": {"N": []}, "value": "N"}]}, "minority": {"total_fav_percent": 0.0, "total_rows_percent": 50.0, "values": [{"distribution": {"Y": []}, "fairness_value": 1.0, "fav_class_percent": 0.0, "is_biased": false, "payload_perturb_distribution": {"Y": []}, "value": "Y"}]}}, {"feature": "sex_secondary_is_female", "fairness_threshold": 0.95, "majority": {"total_fav_percent": 0.0, "total_rows_percent": 50.0, "values": [{"distribution": {"N": []}, "fav_class_percent": 0.0, "payload_perturb_distribution": {"N": []}, "value": "N"}]}, "minority": {"total_fav_percent": 0.0, "total_rows_percent": 50.0, "values": [{"distribution": {"Y": []}, "fairness_value": 1.0, "fav_class_percent": 0.0, "is_biased": false, "payload_perturb_distribution": {"Y": []}, "value": "Y"}]}}]}, "2016-11-30": {"metrics": [{"feature": "sex_primary_is_female", "fairness_threshold": 0.95, "majority": {"total_fav_percent": 0.0, "total_rows_percent": 50.0, "values": [{"distribution": {"N": []}, "fav_class_percent": 0.0, "payload_perturb_distribution": {"N": []}, "value": "N"}]}, "minority": {"total_fav_percent": 0.0, "total_rows_percent": 50.0, "values": [{"distribution": {"Y": []}, "fairness_value": 0.9666666666666667, "fav_class_percent": 0.0, "is_biased": false, "payload_perturb_distribution": {"Y": []}, "value": "Y"}]}}, {"feature": "sex_secondary_is_female", "fairness_threshold": 0.95, "majority": {"total_fav_percent": 0.0, "total_rows_percent": 50.0, "values": [{"distribution": {"N": []}, "fav_class_percent": 0.0, "payload_perturb_distribution": {"N": []}, "value": "N"}]}, "minority": {"total_fav_percent": 0.0, "total_rows_percent": 50.0, "values": [{"distribution": {"Y": []}, "fairness_value": 1.0208333333333333, "fav_class_percent": 0.0, "is_biased": false, "payload_perturb_distribution": {"Y": []}, "value": "Y"}]}}]}, "2016-12-31": {"metrics": [{"feature": "sex_primary_is_female", "fairness_threshold": 0.95, "majority": {"total_fav_percent": 0.0, "total_rows_percent": 50.0, "values": [{"distribution": {"N": []}, "fav_class_percent": 0.0, "payload_perturb_distribution": {"N": []}, "value": "N"}]}, "minority": {"total_fav_percent": 0.0, "total_rows_percent": 50.0, "values": [{"distribution": {"Y": []}, "fairness_value": 0.9705882352941176, "fav_class_percent": 0.0, "is_biased": false, "payload_perturb_distribution": {"Y": []}, "value": "Y"}]}}, {"feature": "sex_secondary_is_female", "fairness_threshold": 0.95, "majority": {"total_fav_percent": 0.0, "total_rows_percent": 50.0, "values": [{"distribution": {"N": []}, "fav_class_percent": 0.0, "payload_perturb_distribution": {"N": []}, "value": "N"}]}, "minority": {"total_fav_percent": 0.0, "total_rows_percent": 50.0, "values": [{"distribution": {"Y": []}, "fairness_value": 1.0172413793103448, "fav_class_percent": 0.0, "is_biased": false, "payload_perturb_distribution": {"Y": []}, "value": "Y"}]}}]}, "2017-01-31": {"metrics": [{"feature": "sex_primary_is_female", "fairness_threshold": 0.95, "majority": {"total_fav_percent": 0.0, "total_rows_percent": 50.0, "values": [{"distribution": {"N": []}, "fav_class_percent": 0.0, "payload_perturb_distribution": {"N": []}, "value": "N"}]}, "minority": {"total_fav_percent": 0.0, "total_rows_percent": 50.0, "values": [{"distribution": {"Y": []}, "fairness_value": 0.9722222222222222, "fav_class_percent": 0.0, "is_biased": false, "payload_perturb_distribution": {"Y": []}, "value": "Y"}]}}, {"feature": "sex_secondary_is_female", "fairness_threshold": 0.95, "majority": {"total_fav_percent": 0.0, "total_rows_percent": 50.0, "values": [{"distribution": {"N": []}, "fav_class_percent": 0.0, "payload_perturb_distribution": {"N": []}, "value": "N"}]}, "minority": {"total_fav_percent": 0.0, "total_rows_percent": 50.0, "values": [{"distribution": {"Y": []}, "fairness_value": 1.0819672131147542, "fav_class_percent": 0.0, "is_biased": false, "payload_perturb_distribution": {"Y": []}, "value": "Y"}]}}]}, "2017-02-28": {"metrics": [{"feature": "sex_primary_is_female", "fairness_threshold": 0.95, "majority": {"total_fav_percent": 0.0, "total_rows_percent": 50.0, "values": [{"distribution": {"N": []}, "fav_class_percent": 0.0, "payload_perturb_distribution": {"N": []}, "value": "N"}]}, "minority": {"total_fav_percent": 0.0, "total_rows_percent": 50.0, "values": [{"distribution": {"Y": []}, "fairness_value": 0.9090909090909091, "fav_class_percent": 0.0, "is_biased": false, "payload_perturb_distribution": {"Y": []}, "value": "Y"}]}}, {"feature": "sex_secondary_is_female", "fairness_threshold": 0.95, "majority": {"total_fav_percent": 0.0, "total_rows_percent": 50.0, "values": [{"distribution": {"N": []}, "fav_class_percent": 0.0, "payload_perturb_distribution": {"N": []}, "value": "N"}]}, "minority": {"total_fav_percent": 0.0, "total_rows_percent": 50.0, "values": [{"distribution": {"Y": []}, "fairness_value": 1.0821917808219177, "fav_class_percent": 0.0, "is_biased": false, "payload_perturb_distribution": {"Y": []}, "value": "Y"}]}}]}, "2017-03-31": {"metrics": [{"feature": "sex_primary_is_female", "fairness_threshold": 0.95, "majority": {"total_fav_percent": 0.0, "total_rows_percent": 50.0, "values": [{"distribution": {"N": []}, "fav_class_percent": 0.0, "payload_perturb_distribution": {"N": []}, "value": "N"}]}, "minority": {"total_fav_percent": 0.0, "total_rows_percent": 50.0, "values": [{"distribution": {"Y": []}, "fairness_value": 0.9193061840120664, "fav_class_percent": 0.0, "is_biased": false, "payload_perturb_distribution": {"Y": []}, "value": "Y"}]}}, {"feature": "sex_secondary_is_female", "fairness_threshold": 0.95, "majority": {"total_fav_percent": 0.0, "total_rows_percent": 50.0, "values": [{"distribution": {"N": []}, "fav_class_percent": 0.0, "payload_perturb_distribution": {"N": []}, "value": "N"}]}, "minority": {"total_fav_percent": 0.0, "total_rows_percent": 50.0, "values": [{"distribution": {"Y": []}, "fairness_value": 1.0689655172413794, "fav_class_percent": 0.0, "is_biased": false, "payload_perturb_distribution": {"Y": []}, "value": "Y"}]}}]}, "2017-04-30": {"metrics": [{"feature": "sex_primary_is_female", "fairness_threshold": 0.95, "majority": {"total_fav_percent": 0.0, "total_rows_percent": 50.0, "values": [{"distribution": {"N": []}, "fav_class_percent": 0.0, "payload_perturb_distribution": {"N": []}, "value": "N"}]}, "minority": {"total_fav_percent": 0.0, "total_rows_percent": 50.0, "values": [{"distribution": {"Y": []}, "fairness_value": 0.9370748299319728, "fav_class_percent": 0.0, "is_biased": false, "payload_perturb_distribution": {"Y": []}, "value": "Y"}]}}, {"feature": "sex_secondary_is_female", "fairness_threshold": 0.95, "majority": {"total_fav_percent": 0.0, "total_rows_percent": 50.0, "values": [{"distribution": {"N": []}, "fav_class_percent": 0.0, "payload_perturb_distribution": {"N": []}, "value": "N"}]}, "minority": {"total_fav_percent": 0.0, "total_rows_percent": 50.0, "values": [{"distribution": {"Y": []}, "fairness_value": 1.0594059405940595, "fav_class_percent": 0.0, "is_biased": false, "payload_perturb_distribution": {"Y": []}, "value": "Y"}]}}]}, "2017-05-31": {"metrics": [{"feature": "sex_primary_is_female", "fairness_threshold": 0.95, "majority": {"total_fav_percent": 0.0, "total_rows_percent": 50.0, "values": [{"distribution": {"N": []}, "fav_class_percent": 0.0, "payload_perturb_distribution": {"N": []}, "value": "N"}]}, "minority": {"total_fav_percent": 0.0, "total_rows_percent": 50.0, "values": [{"distribution": {"Y": []}, "fairness_value": 0.9876760563380281, "fav_class_percent": 0.0, "is_biased": false, "payload_perturb_distribution": {"Y": []}, "value": "Y"}]}}, {"feature": "sex_secondary_is_female", "fairness_threshold": 0.95, "majority": {"total_fav_percent": 0.0, "total_rows_percent": 50.0, "values": [{"distribution": {"N": []}, "fav_class_percent": 0.0, "payload_perturb_distribution": {"N": []}, "value": "N"}]}, "minority": {"total_fav_percent": 0.0, "total_rows_percent": 50.0, "values": [{"distribution": {"Y": []}, "fairness_value": 0.9597839135654261, "fav_class_percent": 0.0, "is_biased": false, "payload_perturb_distribution": {"Y": []}, "value": "Y"}]}}]}, "2017-06-30": {"metrics": [{"feature": "sex_primary_is_female", "fairness_threshold": 0.95, "majority": {"total_fav_percent": 0.0, "total_rows_percent": 50.0, "values": [{"distribution": {"N": []}, "fav_class_percent": 0.0, "payload_perturb_distribution": {"N": []}, "value": "N"}]}, "minority": {"total_fav_percent": 0.0, "total_rows_percent": 50.0, "values": [{"distribution": {"Y": []}, "fairness_value": 1.0026012634708286, "fav_class_percent": 0.0, "is_biased": false, "payload_perturb_distribution": {"Y": []}, "value": "Y"}]}}, {"feature": "sex_secondary_is_female", "fairness_threshold": 0.95, "majority": {"total_fav_percent": 0.0, "total_rows_percent": 50.0, "values": [{"distribution": {"N": []}, "fav_class_percent": 0.0, "payload_perturb_distribution": {"N": []}, "value": "N"}]}, "minority": {"total_fav_percent": 0.0, "total_rows_percent": 50.0, "values": [{"distribution": {"Y": []}, "fairness_value": 1.0310077519379846, "fav_class_percent": 0.0, "is_biased": false, "payload_perturb_distribution": {"Y": []}, "value": "Y"}]}}]}, "2017-07-31": {"metrics": [{"feature": "sex_primary_is_female", "fairness_threshold": 0.95, "majority": {"total_fav_percent": 0.0, "total_rows_percent": 50.0, "values": [{"distribution": {"N": []}, "fav_class_percent": 0.0, "payload_perturb_distribution": {"N": []}, "value": "N"}]}, "minority": {"total_fav_percent": 0.0, "total_rows_percent": 50.0, "values": [{"distribution": {"Y": []}, "fairness_value": 0.9669421487603306, "fav_class_percent": 0.0, "is_biased": false, "payload_perturb_distribution": {"Y": []}, "value": "Y"}]}}, {"feature": "sex_secondary_is_female", "fairness_threshold": 0.95, "majority": {"total_fav_percent": 0.0, "total_rows_percent": 50.0, "values": [{"distribution": {"N": []}, "fav_class_percent": 0.0, "payload_perturb_distribution": {"N": []}, "value": "N"}]}, "minority": {"total_fav_percent": 0.0, "total_rows_percent": 50.0, "values": [{"distribution": {"Y": []}, "fairness_value": 1.034965034965035, "fav_class_percent": 0.0, "is_biased": false, "payload_perturb_distribution": {"Y": []}, "value": "Y"}]}}]}, "2017-08-31": {"metrics": [{"feature": "sex_primary_is_female", "fairness_threshold": 0.95, "majority": {"total_fav_percent": 0.0, "total_rows_percent": 50.0, "values": [{"distribution": {"N": []}, "fav_class_percent": 0.0, "payload_perturb_distribution": {"N": []}, "value": "N"}]}, "minority": {"total_fav_percent": 0.0, "total_rows_percent": 50.0, "values": [{"distribution": {"Y": []}, "fairness_value": 0.9833465503568597, "fav_class_percent": 0.0, "is_biased": false, "payload_perturb_distribution": {"Y": []}, "value": "Y"}]}}, {"feature": "sex_secondary_is_female", "fairness_threshold": 0.95, "majority": {"total_fav_percent": 0.0, "total_rows_percent": 50.0, "values": [{"distribution": {"N": []}, "fav_class_percent": 0.0, "payload_perturb_distribution": {"N": []}, "value": "N"}]}, "minority": {"total_fav_percent": 0.0, "total_rows_percent": 50.0, "values": [{"distribution": {"Y": []}, "fairness_value": 1.0397350993377483, "fav_class_percent": 0.0, "is_biased": false, "payload_perturb_distribution": {"Y": []}, "value": "Y"}]}}]}, "2017-09-30": {"metrics": [{"feature": "sex_primary_is_female", "fairness_threshold": 0.95, "majority": {"total_fav_percent": 0.0, "total_rows_percent": 50.0, "values": [{"distribution": {"N": []}, "fav_class_percent": 0.0, "payload_perturb_distribution": {"N": []}, "value": "N"}]}, "minority": {"total_fav_percent": 0.0, "total_rows_percent": 50.0, "values": [{"distribution": {"Y": []}, "fairness_value": 0.9636363636363636, "fav_class_percent": 0.0, "is_biased": false, "payload_perturb_distribution": {"Y": []}, "value": "Y"}]}}, {"feature": "sex_secondary_is_female", "fairness_threshold": 0.95, "majority": {"total_fav_percent": 0.0, "total_rows_percent": 50.0, "values": [{"distribution": {"N": []}, "fav_class_percent": 0.0, "payload_perturb_distribution": {"N": []}, "value": "N"}]}, "minority": {"total_fav_percent": 0.0, "total_rows_percent": 50.0, "values": [{"distribution": {"Y": []}, "fairness_value": 1.0229885057471264, "fav_class_percent": 0.0, "is_biased": false, "payload_perturb_distribution": {"Y": []}, "value": "Y"}]}}]}, "2017-10-31": {"metrics": [{"feature": "sex_primary_is_female", "fairness_threshold": 0.95, "majority": {"total_fav_percent": 0.0, "total_rows_percent": 50.0, "values": [{"distribution": {"N": []}, "fav_class_percent": 0.0, "payload_perturb_distribution": {"N": []}, "value": "N"}]}, "minority": {"total_fav_percent": 0.0, "total_rows_percent": 50.0, "values": [{"distribution": {"Y": []}, "fairness_value": 0.9747583243823845, "fav_class_percent": 0.0, "is_biased": false, "payload_perturb_distribution": {"Y": []}, "value": "Y"}]}}, {"feature": "sex_secondary_is_female", "fairness_threshold": 0.95, "majority": {"total_fav_percent": 0.0, "total_rows_percent": 50.0, "values": [{"distribution": {"N": []}, "fav_class_percent": 0.0, "payload_perturb_distribution": {"N": []}, "value": "N"}]}, "minority": {"total_fav_percent": 0.0, "total_rows_percent": 50.0, "values": [{"distribution": {"Y": []}, "fairness_value": 1.027027027027027, "fav_class_percent": 0.0, "is_biased": false, "payload_perturb_distribution": {"Y": []}, "value": "Y"}]}}]}, "2017-11-30": {"metrics": [{"feature": "sex_primary_is_female", "fairness_threshold": 0.95, "majority": {"total_fav_percent": 0.0, "total_rows_percent": 50.0, "values": [{"distribution": {"N": []}, "fav_class_percent": 0.0, "payload_perturb_distribution": {"N": []}, "value": "N"}]}, "minority": {"total_fav_percent": 0.0, "total_rows_percent": 50.0, "values": [{"distribution": {"Y": []}, "fairness_value": 0.9829059829059829, "fav_class_percent": 0.0, "is_biased": false, "payload_perturb_distribution": {"Y": []}, "value": "Y"}]}}, {"feature": "sex_secondary_is_female", "fairness_threshold": 0.95, "majority": {"total_fav_percent": 0.0, "total_rows_percent": 50.0, "values": [{"distribution": {"N": []}, "fav_class_percent": 0.0, "payload_perturb_distribution": {"N": []}, "value": "N"}]}, "minority": {"total_fav_percent": 0.0, "total_rows_percent": 50.0, "values": [{"distribution": {"Y": []}, "fairness_value": 1.0101010101010102, "fav_class_percent": 0.0, "is_biased": false, "payload_perturb_distribution": {"Y": []}, "value": "Y"}]}}]}, "2017-12-31": {"metrics": [{"feature": "sex_primary_is_female", "fairness_threshold": 0.95, "majority": {"total_fav_percent": 0.0, "total_rows_percent": 50.0, "values": [{"distribution": {"N": []}, "fav_class_percent": 0.0, "payload_perturb_distribution": {"N": []}, "value": "N"}]}, "minority": {"total_fav_percent": 0.0, "total_rows_percent": 50.0, "values": [{"distribution": {"Y": []}, "fairness_value": 1.0092711453430323, "fav_class_percent": 0.0, "is_biased": false, "payload_perturb_distribution": {"Y": []}, "value": "Y"}]}}, {"feature": "sex_secondary_is_female", "fairness_threshold": 0.95, "majority": {"total_fav_percent": 0.0, "total_rows_percent": 50.0, "values": [{"distribution": {"N": []}, "fav_class_percent": 0.0, "payload_perturb_distribution": {"N": []}, "value": "N"}]}, "minority": {"total_fav_percent": 0.0, "total_rows_percent": 50.0, "values": [{"distribution": {"Y": []}, "fairness_value": 1.0142857142857142, "fav_class_percent": 0.0, "is_biased": false, "payload_perturb_distribution": {"Y": []}, "value": "Y"}]}}]}}, "drift": {}}