{"metadata":{"asset_id":"4fd7c702-5d0d-4d8d-b72b-44cd3402b13e","asset_attributes":["data_asset"],"name":"account.csv","asset_type":"data_asset","created_at":"2020-10-20T16:48:14Z","description":"","origin_country":"us","owner_id":"1000331026","project_id":"46e5b2f7-9f2c-43a6-8827-6c20f2422651","size":216735,"tags":[],"usage":{"last_update_time":1603212494693,"last_updated_at":"2020-10-20T16:48:14Z"}},"entity":{"data_asset":{"mime_type":"text/csv","dataset":false}},"attachments":[{"id":"a5febfbc-9b02-4b68-9c6c-34a59faacd82","version":2,"asset_type":"data_asset","name":"account.csv","mime":"text/csv","datasource_type":"81bafdbd-b7c6-45c5-a4fd-6ec135f66f4e","object_key":"data_asset/account.csv","creator_id":"icp4d-dev","create_time":1603212494523,"size":216735,"is_remote":false,"is_managed":false,"is_referenced":true,"is_object_key_read_only":false,"is_user_provided_path_key":true,"transfer_complete":true,"is_partitioned":false,"complete_time_ticks":1603212494523,"user_data":{},"test_doc":0,"handle":{"key":"data_asset/account.csv","upload_id":"done","max_part_num":1},"usage":{"access_count":0,"last_accessor_id":"icp4d-dev","last_access_time":1603212494523}}]}