{"metadata":{"asset_id":"2f29e9a2-1205-47a6-b45b-784ced0118d0","asset_attributes":["data_asset"],"name":"loan_default_UI_3.png","asset_type":"data_asset","created_at":"2020-10-20T16:48:14Z","description":"","origin_country":"us","owner_id":"1000331026","project_id":"46e5b2f7-9f2c-43a6-8827-6c20f2422651","size":76576,"tags":[],"usage":{"last_update_time":1603212495060,"last_updated_at":"2020-10-20T16:48:15Z"}},"entity":{"data_asset":{"mime_type":"image/png","dataset":false}},"attachments":[{"id":"c1771846-bc87-45fd-91fc-84ff836b8e2b","version":2,"asset_type":"data_asset","name":"loan_default_UI_3.png","mime":"image/png","datasource_type":"81bafdbd-b7c6-45c5-a4fd-6ec135f66f4e","object_key":"data_asset/loan_default_UI_3.png","creator_id":"icp4d-dev","create_time":1603212494992,"size":76576,"is_remote":false,"is_managed":false,"is_referenced":true,"is_object_key_read_only":false,"is_user_provided_path_key":true,"transfer_complete":true,"is_partitioned":false,"complete_time_ticks":1603212494992,"user_data":{},"test_doc":0,"handle":{"key":"data_asset/loan_default_UI_3.png","upload_id":"done","max_part_num":1},"usage":{"access_count":0,"last_accessor_id":"icp4d-dev","last_access_time":1603212494992}}]}