{"metadata":{"asset_id":"3df1fcde-1083-4db5-9c24-b78701cd73a2","asset_attributes":["data_asset"],"name":"loan_default_UI_1.png","asset_type":"data_asset","created_at":"2020-10-20T16:48:14Z","description":"","origin_country":"us","owner_id":"1000331026","project_id":"46e5b2f7-9f2c-43a6-8827-6c20f2422651","size":17865,"tags":[],"usage":{"last_update_time":1603212494555,"last_updated_at":"2020-10-20T16:48:14Z"}},"entity":{"data_asset":{"mime_type":"image/png","dataset":false}},"attachments":[{"id":"4d3b07ce-e226-4497-92f8-d418cc264789","version":2,"asset_type":"data_asset","name":"loan_default_UI_1.png","mime":"image/png","datasource_type":"81bafdbd-b7c6-45c5-a4fd-6ec135f66f4e","object_key":"data_asset/loan_default_UI_1.png","creator_id":"icp4d-dev","create_time":1603212494415,"size":17865,"is_remote":false,"is_managed":false,"is_referenced":true,"is_object_key_read_only":false,"is_user_provided_path_key":true,"transfer_complete":true,"is_partitioned":false,"complete_time_ticks":1603212494415,"user_data":{},"test_doc":0,"handle":{"key":"data_asset/loan_default_UI_1.png","upload_id":"done","max_part_num":1},"usage":{"access_count":0,"last_accessor_id":"icp4d-dev","last_access_time":1603212494415}}]}