{"metadata":{"asset_id":"33994b14-fe65-4471-b3f5-a08bb0c16987","asset_attributes":["data_asset"],"name":"trans.csv","asset_type":"data_asset","created_at":"2020-10-20T16:48:14Z","description":"","origin_country":"us","owner_id":"1000331026","project_id":"46e5b2f7-9f2c-43a6-8827-6c20f2422651","size":69035708,"tags":[],"usage":{"last_update_time":1603212495100,"last_updated_at":"2020-10-20T16:48:15Z"}},"entity":{"data_asset":{"mime_type":"text/csv","dataset":false}},"attachments":[{"id":"3467544b-5f46-4696-ad75-ff16097432dc","version":2,"asset_type":"data_asset","name":"trans.csv","mime":"text/csv","datasource_type":"81bafdbd-b7c6-45c5-a4fd-6ec135f66f4e","object_key":"data_asset/trans.csv","creator_id":"icp4d-dev","create_time":1603212495010,"size":69035708,"is_remote":false,"is_managed":false,"is_referenced":true,"is_object_key_read_only":false,"is_user_provided_path_key":true,"transfer_complete":true,"is_partitioned":false,"complete_time_ticks":1603212495010,"user_data":{},"test_doc":0,"handle":{"key":"data_asset/trans.csv","upload_id":"done","max_part_num":1},"usage":{"access_count":0,"last_accessor_id":"icp4d-dev","last_access_time":1603212495010}}]}