{"metadata":{"asset_id":"162bacd1-d391-4065-bd45-09a28508fbd5","asset_attributes":["data_asset"],"name":"balance.csv","asset_type":"data_asset","created_at":"2020-10-20T16:48:14Z","description":"","origin_country":"us","owner_id":"1000331026","project_id":"46e5b2f7-9f2c-43a6-8827-6c20f2422651","size":7553963,"tags":[],"usage":{"last_update_time":1603212494671,"last_updated_at":"2020-10-20T16:48:14Z"}},"entity":{"data_asset":{"mime_type":"text/csv","dataset":true,"columns":[{"name":"account_id","type":{"length":1024,"nullable":true,"type":"varchar","scale":0,"signed":false}},{"name":"transaction_period","type":{"length":1024,"nullable":true,"type":"varchar","scale":0,"signed":false}},{"name":"balance_mean","type":{"length":1024,"nullable":true,"type":"varchar","scale":0,"signed":false}},{"name":"balance_std","type":{"length":1024,"nullable":true,"type":"varchar","scale":0,"signed":false}},{"name":"balance_last","type":{"length":1024,"nullable":true,"type":"varchar","scale":0,"signed":false}}]}},"attachments":[{"id":"aabe9307-6dfe-462a-a454-1296f32ab5f5","version":2,"asset_type":"data_asset","name":"balance.csv","mime":"text/csv","datasource_type":"81bafdbd-b7c6-45c5-a4fd-6ec135f66f4e","object_key":"data_asset/balance.csv","creator_id":"icp4d-dev","create_time":1603212494520,"size":7553963,"is_remote":false,"is_managed":false,"is_referenced":true,"is_object_key_read_only":false,"is_user_provided_path_key":true,"transfer_complete":true,"is_partitioned":false,"complete_time_ticks":1603212494520,"user_data":{},"test_doc":0,"handle":{"key":"data_asset/balance.csv","upload_id":"done","max_part_num":1},"usage":{"access_count":0,"last_accessor_id":"icp4d-dev","last_access_time":1603212494520}}]}