{"metadata":{"asset_id":"f58c1e55-31ec-4e2c-8dcc-c796f5a14be2","asset_attributes":["data_asset"],"name":"disp.csv","asset_type":"data_asset","created_at":"2020-10-20T16:48:14Z","description":"","origin_country":"us","owner_id":"1000331026","project_id":"46e5b2f7-9f2c-43a6-8827-6c20f2422651","size":192449,"tags":[],"usage":{"last_update_time":1603212495033,"last_updated_at":"2020-10-20T16:48:15Z"}},"entity":{"data_asset":{"mime_type":"text/csv","dataset":false}},"attachments":[{"id":"d9545dca-62ac-43ee-845a-0cf500a2cdc0","version":2,"asset_type":"data_asset","name":"disp.csv","mime":"text/csv","datasource_type":"81bafdbd-b7c6-45c5-a4fd-6ec135f66f4e","object_key":"data_asset/disp.csv","creator_id":"icp4d-dev","create_time":1603212494962,"size":192449,"is_remote":false,"is_managed":false,"is_referenced":true,"is_object_key_read_only":false,"is_user_provided_path_key":true,"transfer_complete":true,"is_partitioned":false,"complete_time_ticks":1603212494962,"user_data":{},"test_doc":0,"handle":{"key":"data_asset/disp.csv","upload_id":"done","max_part_num":1},"usage":{"access_count":0,"last_accessor_id":"icp4d-dev","last_access_time":1603212494962}}]}