{"metadata":{"asset_id":"adda0457-c992-4f49-ad70-2a07e9359a4c","asset_attributes":["data_asset"],"name":"df_training.csv","asset_type":"data_asset","created_at":"2020-10-20T16:48:14Z","description":"","origin_country":"us","owner_id":"1000331026","project_id":"46e5b2f7-9f2c-43a6-8827-6c20f2422651","size":3999384,"tags":[],"usage":{"last_update_time":1603212494670,"last_updated_at":"2020-10-20T16:48:14Z"}},"entity":{"data_asset":{"mime_type":"text/csv","dataset":false}},"attachments":[{"id":"fec8e97c-a258-4cfc-b038-5989f57eb5c6","version":2,"asset_type":"data_asset","name":"df_training.csv","mime":"text/csv","datasource_type":"81bafdbd-b7c6-45c5-a4fd-6ec135f66f4e","object_key":"data_asset/df_training.csv","creator_id":"icp4d-dev","create_time":1603212494523,"size":3999384,"is_remote":false,"is_managed":false,"is_referenced":true,"is_object_key_read_only":false,"is_user_provided_path_key":true,"transfer_complete":true,"is_partitioned":false,"complete_time_ticks":1603212494523,"user_data":{},"test_doc":0,"handle":{"key":"data_asset/df_training.csv","upload_id":"done","max_part_num":1},"usage":{"access_count":0,"last_accessor_id":"icp4d-dev","last_access_time":1603212494523}}]}