{"metadata":{"asset_id":"a5850b3c-83b2-4268-94fa-cc943bcbe6f7","asset_attributes":["data_asset"],"name":"loan.csv","asset_type":"data_asset","created_at":"2020-10-20T16:48:14Z","description":"","origin_country":"us","owner_id":"1000331026","project_id":"46e5b2f7-9f2c-43a6-8827-6c20f2422651","size":36049,"tags":[],"usage":{"last_update_time":1603212494610,"last_updated_at":"2020-10-20T16:48:14Z"}},"entity":{"data_asset":{"mime_type":"text/csv","dataset":false}},"attachments":[{"id":"ceabd163-3bd2-42a5-b5e8-495c9fcaca6d","version":2,"asset_type":"data_asset","name":"loan.csv","mime":"text/csv","datasource_type":"81bafdbd-b7c6-45c5-a4fd-6ec135f66f4e","object_key":"data_asset/loan.csv","creator_id":"icp4d-dev","create_time":1603212494495,"size":36049,"is_remote":false,"is_managed":false,"is_referenced":true,"is_object_key_read_only":false,"is_user_provided_path_key":true,"transfer_complete":true,"is_partitioned":false,"complete_time_ticks":1603212494495,"user_data":{},"test_doc":0,"handle":{"key":"data_asset/loan.csv","upload_id":"done","max_part_num":1},"usage":{"access_count":0,"last_accessor_id":"icp4d-dev","last_access_time":1603212494495}}]}