{"metadata":{"asset_id":"240cda00-7c08-4c6b-beeb-1908daad1ff0","asset_attributes":["data_asset"],"name":"df_validation.csv","asset_type":"data_asset","created_at":"2020-10-20T16:48:14Z","description":"","origin_country":"us","owner_id":"1000331026","project_id":"46e5b2f7-9f2c-43a6-8827-6c20f2422651","size":1316133,"tags":[],"usage":{"last_update_time":1603212494672,"last_updated_at":"2020-10-20T16:48:14Z"}},"entity":{"data_asset":{"mime_type":"text/csv","dataset":false}},"attachments":[{"id":"d3315faa-a1d2-4e2a-9825-f1e31c321608","version":2,"asset_type":"data_asset","name":"df_validation.csv","mime":"text/csv","datasource_type":"81bafdbd-b7c6-45c5-a4fd-6ec135f66f4e","object_key":"data_asset/df_validation.csv","creator_id":"icp4d-dev","create_time":1603212494525,"size":1316133,"is_remote":false,"is_managed":false,"is_referenced":true,"is_object_key_read_only":false,"is_user_provided_path_key":true,"transfer_complete":true,"is_partitioned":false,"complete_time_ticks":1603212494525,"user_data":{},"test_doc":0,"handle":{"key":"data_asset/df_validation.csv","upload_id":"done","max_part_num":1},"usage":{"access_count":0,"last_accessor_id":"icp4d-dev","last_access_time":1603212494525}}]}