{"metadata":{"asset_id":"0e7ea88e-923b-4f7e-b198-382e80d9345b","asset_attributes":["data_asset"],"name":"historical_metrics.json","asset_type":"data_asset","created_at":"2020-10-20T16:48:14Z","description":"","origin_country":"us","owner_id":"1000331026","project_id":"46e5b2f7-9f2c-43a6-8827-6c20f2422651","size":21561,"tags":[],"usage":{"last_update_time":1603212494516,"last_updated_at":"2020-10-20T16:48:14Z"}},"entity":{"data_asset":{"mime_type":"application/json","dataset":false}},"attachments":[{"id":"c5b3015e-3a36-47e0-82d1-dbb53957e561","version":2,"asset_type":"data_asset","name":"historical_metrics.json","mime":"application/json","datasource_type":"81bafdbd-b7c6-45c5-a4fd-6ec135f66f4e","object_key":"data_asset/historical_metrics.json","creator_id":"icp4d-dev","create_time":1603212494412,"size":21561,"is_remote":false,"is_managed":false,"is_referenced":true,"is_object_key_read_only":false,"is_user_provided_path_key":true,"transfer_complete":true,"is_partitioned":false,"complete_time_ticks":1603212494412,"user_data":{},"test_doc":0,"handle":{"key":"data_asset/historical_metrics.json","upload_id":"done","max_part_num":1},"usage":{"access_count":0,"last_accessor_id":"icp4d-dev","last_access_time":1603212494412}}]}