{"metadata":{"asset_id":"984d6578-8f40-46c7-86cd-49fe72890ad2","asset_attributes":["data_asset"],"name":"loan_default_UI_4.png","asset_type":"data_asset","created_at":"2020-10-20T16:48:14Z","description":"","origin_country":"us","owner_id":"1000331026","project_id":"46e5b2f7-9f2c-43a6-8827-6c20f2422651","size":246114,"tags":[],"usage":{"last_update_time":1603212494615,"last_updated_at":"2020-10-20T16:48:14Z"}},"entity":{"data_asset":{"mime_type":"image/png","dataset":false}},"attachments":[{"id":"2a340740-8d92-4e96-9194-b0ddebb8e09f","version":2,"asset_type":"data_asset","name":"loan_default_UI_4.png","mime":"image/png","datasource_type":"81bafdbd-b7c6-45c5-a4fd-6ec135f66f4e","object_key":"data_asset/loan_default_UI_4.png","creator_id":"icp4d-dev","create_time":1603212494501,"size":246114,"is_remote":false,"is_managed":false,"is_referenced":true,"is_object_key_read_only":false,"is_user_provided_path_key":true,"transfer_complete":true,"is_partitioned":false,"complete_time_ticks":1603212494501,"user_data":{},"test_doc":0,"handle":{"key":"data_asset/loan_default_UI_4.png","upload_id":"done","max_part_num":1},"usage":{"access_count":0,"last_accessor_id":"icp4d-dev","last_access_time":1603212494501}}]}