{"metadata":{"asset_id":"17c9d85a-3f8d-4172-9d72-28395d28107a","asset_attributes":["notebook"],"name":"2-modeling","asset_type":"notebook","created_at":"2020-10-20T16:48:15Z","description":"Notebook that preprocesses data and creates the model","origin_country":"us","owner_id":"1000331026","project_id":"46e5b2f7-9f2c-43a6-8827-6c20f2422651","size":1386235,"tags":["notebook"],"usage":{"last_update_time":1603298724989,"last_updated_at":"2020-10-21T16:45:24Z"}},"entity":{"notebook":{"kernel":{"name":"python3","display_name":"Python 3.6","language":"python"},"originates_from":{"type":"file"},"runtime":{"environment":"jupconda36-46e5b2f7-9f2c-43a6-8827-6c20f2422651"}}},"attachments":[{"id":"89922241-ca05-4e23-9193-49a6d85a2bd0","version":2,"asset_type":"notebook","name":"attachment for notebook 17c9d85a-3f8d-4172-9d72-28395d28107a","description":"attachment for notebook 17c9d85a-3f8d-4172-9d72-28395d28107a","mime":"application/json","datasource_type":"81bafdbd-b7c6-45c5-a4fd-6ec135f66f4e","object_key":"notebook/2-modeling_cHco4k0PK.ipynb","creator_id":"icp4d-dev","create_time":1603212495546,"size":1386235,"is_remote":false,"is_managed":false,"is_referenced":true,"is_object_key_read_only":false,"is_user_provided_path_key":true,"transfer_complete":true,"is_partitioned":false,"complete_time_ticks":1603212495546,"user_data":{},"test_doc":0,"handle":{"key":"notebook/2-modeling_cHco4k0PK.ipynb","upload_id":"done","max_part_num":1},"usage":{"access_count":0,"last_accessor_id":"icp4d-dev","last_access_time":1603212495546}}]}