{"metadata":{"asset_id":"0c053e95-9eed-463f-a3d8-b2cc4c5f5f17","asset_attributes":["notebook"],"name":"0-export-data-to-db2","asset_type":"notebook","created_at":"2020-10-20T16:48:15Z","description":"","origin_country":"us","owner_id":"1000331026","project_id":"46e5b2f7-9f2c-43a6-8827-6c20f2422651","size":29170,"tags":["notebook"],"usage":{"last_update_time":1603212495673,"last_updated_at":"2020-10-20T16:48:15Z"}},"entity":{"notebook":{"kernel":{"name":"python3","display_name":"Python 3.6","language":"python"},"originates_from":{"type":"file"},"runtime":{"environment":"jupconda36-46e5b2f7-9f2c-43a6-8827-6c20f2422651"}}},"attachments":[{"id":"53b876a9-aa5c-4fc1-8ca1-b0568e2f6fdf","version":2,"asset_type":"notebook","name":"attachment for notebook 0c053e95-9eed-463f-a3d8-b2cc4c5f5f17","description":"attachment for notebook 0c053e95-9eed-463f-a3d8-b2cc4c5f5f17","mime":"application/json","datasource_type":"81bafdbd-b7c6-45c5-a4fd-6ec135f66f4e","object_key":"notebook/0-export-data-to-db2_MtM_CT3Lv.ipynb","creator_id":"icp4d-dev","create_time":1603212495546,"size":29170,"is_remote":false,"is_managed":false,"is_referenced":true,"is_object_key_read_only":false,"is_user_provided_path_key":true,"transfer_complete":true,"is_partitioned":false,"complete_time_ticks":1603212495546,"user_data":{},"test_doc":0,"handle":{"key":"notebook/0-export-data-to-db2_MtM_CT3Lv.ipynb","upload_id":"done","max_part_num":1},"usage":{"access_count":0,"last_accessor_id":"icp4d-dev","last_access_time":1603212495546}}]}