{"metadata":{"asset_id":"65451cec-b9b2-48b8-9be3-b645c18a7248","asset_attributes":["notebook"],"name":"4-openscale","asset_type":"notebook","created_at":"2020-10-20T16:48:15Z","description":"","origin_country":"us","owner_id":"1000331026","project_id":"46e5b2f7-9f2c-43a6-8827-6c20f2422651","size":412638,"tags":["notebook"],"usage":{"last_update_time":1603301484071,"last_updated_at":"2020-10-21T17:31:24Z"}},"entity":{"notebook":{"kernel":{"name":"python3","display_name":"Python 3.6","language":"python"},"originates_from":{"type":"file"},"runtime":{"environment":"jupconda36-46e5b2f7-9f2c-43a6-8827-6c20f2422651"}}},"attachments":[{"id":"52c96cac-eede-42e8-98d1-99b84a1baa5f","version":2,"asset_type":"notebook","name":"attachment for notebook 65451cec-b9b2-48b8-9be3-b645c18a7248","description":"attachment for notebook 65451cec-b9b2-48b8-9be3-b645c18a7248","mime":"application/json","datasource_type":"81bafdbd-b7c6-45c5-a4fd-6ec135f66f4e","object_key":"notebook/3-openscale_ql9iHXCnQ.ipynb","creator_id":"icp4d-dev","create_time":1603212495475,"size":412638,"is_remote":false,"is_managed":false,"is_referenced":true,"is_object_key_read_only":false,"is_user_provided_path_key":true,"transfer_complete":true,"is_partitioned":false,"complete_time_ticks":1603212495475,"user_data":{},"test_doc":0,"handle":{"key":"notebook/3-openscale_ql9iHXCnQ.ipynb","upload_id":"done","max_part_num":1},"usage":{"access_count":0,"last_accessor_id":"icp4d-dev","last_access_time":1603212495475}}]}