{"metadata":{"asset_id":"899dd120-b710-47bd-9f85-3d231cc5f66d","asset_attributes":["notebook"],"name":"3 - AutoAI_Evaluation","asset_type":"notebook","created_at":"2020-10-20T16:48:15Z","description":"","origin_country":"us","owner_id":"1000331026","project_id":"46e5b2f7-9f2c-43a6-8827-6c20f2422651","size":64234,"tags":["notebook"],"usage":{"last_update_time":1603218562850,"last_updated_at":"2020-10-20T18:29:22Z"}},"entity":{"notebook":{"kernel":{"name":"python3","display_name":"Python 3.6","language":"python"},"originates_from":{"type":"file"},"runtime":{"environment":"jupconda36-46e5b2f7-9f2c-43a6-8827-6c20f2422651"}}},"attachments":[{"id":"2ecbefb3-85ac-4e52-bba4-a110f291fe2c","version":2,"asset_type":"notebook","name":"attachment for notebook 899dd120-b710-47bd-9f85-3d231cc5f66d","description":"attachment for notebook 899dd120-b710-47bd-9f85-3d231cc5f66d","mime":"application/json","datasource_type":"81bafdbd-b7c6-45c5-a4fd-6ec135f66f4e","object_key":"notebook/AutoAI_Evaluation_dpxml1Anc.ipynb","creator_id":"icp4d-dev","create_time":1603212495566,"size":64234,"is_remote":false,"is_managed":false,"is_referenced":true,"is_object_key_read_only":false,"is_user_provided_path_key":true,"transfer_complete":true,"is_partitioned":false,"complete_time_ticks":1603212495566,"user_data":{},"test_doc":0,"handle":{"key":"notebook/AutoAI_Evaluation_dpxml1Anc.ipynb","upload_id":"done","max_part_num":1},"usage":{"access_count":0,"last_accessor_id":"icp4d-dev","last_access_time":1603212495566}}]}