{"metadata":{"asset_id":"38678a8f-cdb6-429a-99ec-66c205d11e68","asset_attributes":["notebook"],"name":"AutoAI_Modeling","asset_type":"notebook","created_at":"2020-10-20T16:48:15Z","description":"","origin_country":"us","owner_id":"1000331026","project_id":"46e5b2f7-9f2c-43a6-8827-6c20f2422651","size":45725,"tags":["notebook"],"usage":{"last_update_time":1603212495686,"last_updated_at":"2020-10-20T16:48:15Z"}},"entity":{"notebook":{"kernel":{"name":"python3","display_name":"Python 3.6","language":"python"},"originates_from":{"type":"file"},"runtime":{"environment":"jupconda36-46e5b2f7-9f2c-43a6-8827-6c20f2422651"}}},"attachments":[{"id":"a8b28a22-bd06-4e4c-b6f2-6b2a4088ef9d","version":2,"asset_type":"notebook","name":"attachment for notebook 38678a8f-cdb6-429a-99ec-66c205d11e68","description":"attachment for notebook 38678a8f-cdb6-429a-99ec-66c205d11e68","mime":"application/json","datasource_type":"81bafdbd-b7c6-45c5-a4fd-6ec135f66f4e","object_key":"notebook/AutoAI_Modeling_4VvB06cIj.ipynb","creator_id":"icp4d-dev","create_time":1603212495559,"size":45725,"is_remote":false,"is_managed":false,"is_referenced":true,"is_object_key_read_only":false,"is_user_provided_path_key":true,"transfer_complete":true,"is_partitioned":false,"complete_time_ticks":1603212495559,"user_data":{},"test_doc":0,"handle":{"key":"notebook/AutoAI_Modeling_4VvB06cIj.ipynb","upload_id":"done","max_part_num":1},"usage":{"access_count":0,"last_accessor_id":"icp4d-dev","last_access_time":1603212495559}}]}